a-bar,6
a-mennn,6
aberfoyle,6
acadian,6
accueillir,6
adk,6
adoration,6
adox,6
affogato,6
agape,6
age-friendly,6
alanis,6
alcina,6
aldrin,6
alexmuir,6
algum,6
alleyway,6
allina,6
alyson,6
amazingness,6
aminolift,6
amphitheatre,6
ancramdale,6
angrignon,6
angularjs,6
annika,6
annunciation,6
antigo,6
antiquing,6
apptio,6
arcadian,6
architecure,6
arguably,6
arizer,6
armentality,6
artbeat,6
artdogs,6
artesian,6
artisanale,6
artistes,6
ashdale,6
asquith,6
asterisk,6
ateliers,6
atthedisco,6
au-dessus,6
aucune,6
augie,6
aumentare,6
avera,6
avo,6
award-winning,6
ayahmarar,6
backslope,6
bagdad,6
baillie,6
banquise,6
barolo,6
barrett's,6
bartley,6
bartolotta,6
basilique,6
batchmaker,6
beaverdam,6
beecher's,6
belcourt,6
bellechasse,6
bellefair,6
bellsbrewery,6
beltone,6
bendy,6
bennie,6
beurre,6
bezel,6
bezos,6
biercraft,6
biergarten,6
bierhalle,6
bierhaus,6
blackwater,6
bleue,6
blewett,6
blodwen,6
bodymind,6
boers,6
boh,6
booksellers,6
bookstores,6
bottlemen,6
bowlerama,6
bozied's,6
brasserieet,6
brekkie,6
broadalbin,6
broadmead,6
broders,6
brodo,6
brooch,6
brookhaven,6
brooklawn,6
brookmere,6
brouwer's,6
brune,6
bruneau,6
burrata,6
bussers,6
bylaw,6
caffeina,6
cakery,6
calgarynext,6
camano,6
campagnolo,6
canadianspecialevents,6
caplan,6
caprese,6
capslock,6
captree,6
capybaras,6
carambolage,6
cardiographer,6
carlington,6
carlsberg,6
carnarvon,6
carnelian,6
cast-on-itis,6
casteliers,6
catheterization,6
catholique,6
ccm,6
cdta,6
celiastylez,6
cerveja,6
chabot,6
chalets,6
channelling,6
chaoow,6
chartier,6
chechalk,6
chemex,6
cherche,6
cherrywood,6
chetwynd,6
chicky,6
chinois,6
chloe's,6
churchmouse,6
chvrches,6
cineplexmovies,6
cinque,6
cinrickbar,6
cio's,6
cios,6
cleese,6
cliffcdawgwise,6
cliffside,6
climat,6
clymer,6
cnas,6
cntower,6
cobain's,6
cochon,6
coffeen,6
cola's,6
coldwell,6
colette,6
colorescience,6
confluence,6
confort,6
cookhouse,6
cooperage,6
copic,6
corfu,6
corrigan,6
corydon,6
cougs,6
countertop,6
courir,6
crab-shizzack,6
crabb,6
crestwood,6
crewneck,6
crise,6
crossers,6
crossiron,6
crosslake,6
crowdfunding,6
csdm,6
culnan,6
curity,6
curriers,6
cyclebar,6
d'arcy,6
d'exclamation,6
d'ici,6
daikon,6
dailo,6
dakota's,6
dance-fitness,6
daniela,6
dargle,6
dashi,6
davidnkt,6
dawestheband,6
dcio,6
deconstructed,6
demaris,6
democrat's,6
devind,6
diceplaybeats,6
dirigeants,6
disera,6
disponibles,6
dixon's,6
djsporty,6
doane,6
dobby's,6
dolbeau,6
dolomite,6
dolorcheck,6
double-sided,6
doux,6
dreamliner,6
drifter,6
duncairn,6
dunelm,6
dunning,6
dupilumab,6
duwamish,6
dvp,6
earldown,6
earlscourt,6
ecker,6
ecovar,6
edmbushido,6
eggert,6
eggleston,6
eggsmart,6
eggspectation,6
eking,6
elderflower,6
elmbrook,6
elowah,6
emilyrreda,6
emploi,6
engi,6
enso,6
epc,6
errado,6
esker,6
esopus,6
esquimalt,6
estevan,6
estiny'schild,6
eug,6
evangelios,6
evergreentattooinvitational,6
eves,6
evora,6
exotik,6
fairie,6
fairlee,6
fatboys,6
faywood,6
fedoa,6
felicidade,6
femelle,6
fenmar,6
fenn,6
fentanyl,6
feral,6
festa,6
fett,6
fillers,6
fior,6
fitzpatrick,6
fjord,6
fleeceline,6
fleuve,6
floyds,6
flx,6
fonctionnel,6
forme,6
fortney,6
foule,6
foulis,6
four-plexes,6
freewater,6
frida,6
frolik,6
fronteras,6
frutti,6
fulford,6
futur,6
g-eazy,6
gabriels,6
gaff,6
gagnant,6
galler,6
garroch,6
gelaskins,6
gihon,6
gilboa,6
gilda's,6
gillian,6
gisburn,6
glendive,6
glenhurst,6
godstone,6
godwit,6
gofundme,6
goldwellkmsacademy,6
goneaway,6
goodview,6
goofing,6
goranson,6
gordonridge,6
gorgeousness,6
gowan,6
gowans,6
grafitti,6
grapeview,6
greco,6
greenbush,6
grider,6
groomers,6
groundswell,6
grummaster,6
gtre,6
guttenberg,6
gymnix,6
habitant,6
hakka,6
hammonds,6
hands-on,6
harjgtheone,6
hasbrook,6
hatley,6
hawkesbury,6
headliner,6
heavydirtysoul,6
heceta,6
heckin,6
heli,6
hessville,6
hikers,6
hillarey,6
holdom,6
holly's,6
holst,6
homestretch,6
honeybadger's,6
honeydew,6
honeymaker,6
honing,6
hoodlumskateboards,6
hoodoo,6
horseradish,6
hotbox,6
humbert,6
hydra,6
hydrostone,6
i-regulated,6
icb,6
iceplex,6
icf,6
ignace,6
inflatable,6
inishkea,6
innismore,6
inukshuk,6
inv,6
irez-vous,6
itsverushka,6
jackfruit,6
jacques-cartier,6
jacqui,6
jairah,6
jarome,6
jason's,6
jblm,6
jelani,6
jessup,6
jeunesse,6
jevtana,6
jlp,6
joann,6
johnbpub,6
joyce's,6
joyeux,6
juicery,6
juno's,6
kaam,6
kalaloch,6
kalona,6
keepsake,6
kellyanne,6
kempsell,6
kenduskeag,6
kenhar,6
kermie,6
kerns,6
ketel,6
kiehl's,6
kinka,6
kinns,6
klassen,6
klesick,6
klickitat,6
koeller,6
kuture,6
l'artiste,6
l'autoroute,6
l'entreprise,6
l'exposition,6
l'heure,6
l'information,6
labourers,6
labradorite,6
ladysmith,6
landside,6
laneway,6
langelier,6
lassonde,6
laughfest,6
lavington,6
laylow,6
leesta,6
legault,6
lembro,6
ligh,6
limosa,6
liuna,6
lizzo,6
lorimier,6
lotherton,6
loudonville,6
ludd,6
luella,6
lysander,6
maarten,6
mabel,6
mabelle,6
macadamia,6
macaroons,6
machining,6
madtown,6
magoo's,6
maintainer,6
maisonvalentino,6
makenew,6
makeovers,6
malak,6
malala,6
malletts,6
mandarina,6
manquez,6
manziel,6
mapleview,6
mapshare,6
marcia,6
marianna,6
marie-victorin,6
marilla,6
marinette,6
marshawn,6
marshlynn,6
marymoor,6
mascarpone,6
matchstick,6
matthaei,6
mckownville,6
mcmorrow,6
mdx,6
meade,6
medaille,6
medications,6
medspa,6
mehrab,6
meowtropolitan,6
mesma,6
miaocs,6
microservices,6
mikeskarvinkophotography,6
mildredstemplekitchen,6
milkshark,6
millway,6
minami,6
mjin,6
mlt,6
mnek,6
moberly,6
mobilier,6
mochi,6
moderne,6
molalla,6
molitor,6
mondovi,6
monkeying,6
monochromatic,6
montague,6
moose's,6
moosejaw,6
morcheeba,6
morgane,6
mother-daughter,6
mountjoy,6
mudra,6
mussel,6
nadeshicon,6
nait,6
nat's,6
natgeo,6
nave,6
nawaz,6
necaxa,6
nectar's,6
negroni,6
nella,6
nespresso,6
nha,6
nhdot,6
nhl's,6
nicolai,6
nigiri,6
nimbus,6
nipissing,6
non-invasive,6
north-end,6
northwoods,6
npcuppermidwest,6
nscad,6
nurse-rn,6
nutini,6
nyan,6
nyla,6
nylander,6
o'hares,6
o'shaughnessy,6
obsess,6
oddfellows,6
odysseo,6
officer-involved,6
oli,6
omak,6
one-on-one,6
ooak,6
ophthalmologist,6
ormont,6
orthotics,6
osm,6
osseo,6
osteria,6
out-patient,6
ouverture,6
p'tite,6
paintnite,6
palenville,6
pancheros,6
parcours,6
parfois,6
partage,6
partager,6
pemaquid,6
pengillys,6
perpetua,6
petersen,6
petersfield,6
petrichor,6
pettygrove,6
pickard,6
pieper,6
piggies,6
pimlico,6
pineridge,6
pippin,6
pippy,6
pirogies,6
place-vancouver,6
plage,6
plating,6
pleasantview,6
pluribus,6
pneus,6
pnwhc,6
politique,6
porschecentrelangley,6
portsmout,6
powerrangersmovie,6
praire,6
pranayogafest,6
pratique,6
pre-college,6
prefect,6
preuve,6
preworkout,6
primeira,6
princetown,6
prodrivers,6
produits,6
projekt,6
projets,6
prologistix,6
protrainer,6
psychometry,6
puppers,6
purplepassport,6
qu'une,6
qualifiers,6
quesnel,6
quot,6
quotidien,6
radicalization,6
radisson-manchester,6
ramblers,6
rangeley,6
raquette,6
rauchbier,6
rda,6
rdta,6
re-bar,6
rebelle's,6
reconnect,6
reconnected,6
recours,6
refind,6
refracting,6
relaxo,6
relmar,6
replin,6
rhein,6
ribbed,6
richgrove,6
rigby,6
riocan,6
rltc,6
rmc,6
rn-pre,6
roadtrippin,6
robarts,6
roma's,6
romanzo,6
ronan,6
rosacea,6
rossland,6
rouille,6
round-up,6
rowena,6
roxborough,6
rst,6
rua,6
ruffwear,6
russfax,6
rylen,6
sabbatic,6
sacamano's,6
saddleback,6
sainte-foy,6
saisie,6
salonspa,6
salumi,6
salvationtkcbs,6
sandbag,6
sandbanks,6
satanas,6
saudades,6
saugeen,6
saukville,6
sauvignon,6
savoir,6
scape,6
scappoose,6
scaquada,6
scheifele,6
schiff,6
schofield,6
sciencemuseummn,6
scissor,6
screendoor,6
sebewaing,6
sedcheck,6
sedona,6
seedy,6
self-love,6
seno,6
sgw,6
sgx,6
shakedown,6
shaskeen,6
shiba,6
shoeing,6
shoregrillandgrotto,6
shorting,6
shubie,6
silvercore,6
silvertongue,6
simplement,6
sirman,6
skateshop,6
skrillex,6
sleigh,6
smashbomb,6
smashboxcanada,6
smashburger,6
smithe,6
smoke's,6
smokey's,6
softlines,6
soit,6
soliel,6
sombrio,6
somersworth,6
sorachi,6
sorauren,6
soules,6
soundcolor,6
southpoint,6
spanbridge,6
speakez,6
speedworld,6
spg,6
sprecher's,6
sqa,6
squam,6
squinty,6
st-denis,6
st-henri,6
stakeholders,6
stefano,6
steinbach,6
steinway,6
stilecroft,6
stittsville,6
stompa,6
storytime,6
stratfordon,6
stucki,6
sturgis,6
sugo,6
summerfest,6
sunburst,6
sunridge,6
superset,6
superviseur,6
swanwick,6
switz,6
tacomasurfclub,6
tagliatelle,6
tallgrass,6
tamarind,6
tapandbarrel,6
tarmac,6
terrine,6
tetsu,6
teve,6
themasters,6
therm,6
thievery,6
thorne,6
tibco,6
tikka,6
timbits,6
time-lapse,6
times-roadway,6
tkachuk,6
tobymac,6
tolman,6
topcliff,6
toph,6
toprankrepost,6
toques,6
tostada,6
touchmark,6
tournoi,6
toutant,6
tovelo,6
townhomes,6
tralf,6
traveltimes,6
trellis,6
tricep,6
truckstop,6
tudio,6
tullamore,6
turquie,6
tuscarora,6
twloube,6
umphrey's,6
unb,6
underoathband,6
unders,6
unearthofficial,6
unitedhealth,6
universel,6
unloaders,6
uofwa,6
vancoucer,6
varietal,6
vaudreuil,6
velos,6
veltins,6
ventes,6
vespers,6
vibez,6
viewsns,6
visitseattle,6
vitae,6
voulez-vous,6
vrais,6
waist-side,6
waldoboro,6
walkies,6
walleye,6
walshington,6
warrendale,6
waterboro,6
waterloonissan,6
wautoma,6
waverley,6
waxies,6
waze,6
weemploy,6
weizen,6
westanna,6
westlawn,6
westneat,6
weston's,6
whalen,6
whitebear,6
willcocks,6
williamsrobert,6
wingarden,6
wisn,6
wood's,6
woodfired,6
woodlot,6
woody's,6
woolwich,6
wooly,6
wsg,6
wyatt's,6
xyzzy,6
yachty,6
yeager,6
yhz,6
yousafzai,6
yuk's,6
zardari,6
zed,6
zehrs,6
zibi,6
zipline,6
abbie,7
abby's,7
adanac,7
aimee,7
ainlay,7
aircanadacentre,7
alabanza,7
alan's,7
albany-saratoga,7
albright-knox,7
alcona,7
aldergrove,7
alexius,7
allstage,7
altbier,7
ambassador-new,7
amerks,7
amqui,7
anselm,7
aquele,7
arcw,7
ardwick,7
arn,7
artisanal,7
ascension,7
ascp,7
assoicate,7
attaque,7
backpackers,7
baldface,7
bando,7
barbier,7
barkdust,7
barleypop,7
bcaa,7
bce,7
beaconhill,7
beading,7
beaudoin,7
beausoleil,7
beautybytriana,7
beaverhead,7
becher,7
beeblebrox,7
beercade,7
belair,7
belhaven,7
benkay,7
benteler,7
bernie's,7
bernier,7
beveridge,7
bigclimbseattle,7
biggby,7
bigly,7
bimbrok,7
biostatistician,7
bittercreek,7
blackfalds,7
blow-dry,7
bluecross,7
blueshield,7
bnsf,7
bonspiel,7
bonvie,7
bord'elle,7
botanicals,7
botanique,7
boysenberry,7
branden,7
brasada,7
brassaii,7
bready,7
brooklyn-park,7
bruschetta,7
budgetqc,7
buf,7
buko,7
butchart,7
byerlys,7
ca-on,7
cafouillage,7
caithness,7
calgarian,7
candidat,7
canisteo,7
capoeira,7
cardiothoracic,7
carillon,7
cassian,7
catrin,7
caul,7
cauldron,7
cca,7
cela,7
celui,7
chagall,7
chairlift,7
cheboygan,7
chesley,7
chestermere,7
chrissychrissyxo,7
chukis,7
church-key,7
churrasqueira,7
cibc,7
circle-k,7
citrine,7
ciut,7
cjad,7
clappison,7
claver,7
clematis,7
climbers,7
clissold,7
comenzando,7
conga,7
connors,7
conocophillips,7
corgi,7
cragg,7
creston-kenilworth,7
crosswinds,7
ctrains,7
cubana,7
cultus,7
cwu,7
cyberbullying,7
d'autres,7
danby,7
darty,7
davallia-art,7
davisbrook,7
deixa,7
depeche,7
deta,7
devient,7
dewson,7
diced,7
didomenico,7
diecasts,7
dino's,7
disfrutando,7
dishman,7
divemaster,7
dohme,7
doon,7
dreamyard,7
drewry,7
duanesburg,7
duff's,7
dusen,7
e-commerce,7
ece,7
econo,7
edgez,7
edokko,7
elana,7
ellison,7
elwood,7
endpoint,7
enginee,7
englemount,7
entercom,7
environ,7
erdinger,7
etna,7
evergreens,7
ewu,7
ex-fbi,7
fairmontjpl,7
famoso,7
farmstead,7
fatale,7
ferme,7
fermeture,7
fiddlehead,7
filmmaker,7
fingerboard,7
finn's,7
fircrest,7
firetower,7
fogo,7
frizz,7
fryelands,7
fuccillo,7
fuddruckers,7
fulham,7
galaxie,7
gamin,7
gay-straight,7
gelfill,7
gibsons,7
glendonwynne,7
glenora,7
goalking,7
goddard,7
grana,7
guestroom,7
gulliver,7
gushue,7
gwaii,7
hahhahahahahaha,7
haircare,7
handclap,7
hannon,7
harrellwilliams,7
heath's,7
henesta,7
hewing,7
hinesburg,7
hinterland,7
hochelaga,7
hodding's,7
hoegaarden,7
hollandaise,7
honours,7
hopcat,7
horsetail,7
hortontown,7
humberwood,7
humpback,7
hydrogeologist,7
hydrologist,7
igadient,7
imlay,7
impacting,7
in-patient,7
inhouse,7
inlay,7
innisfil,7
inspo,7
iosco,7
ipa's,7
jasperpride,7
jepsen,7
jnat,7
jobers,7
johnthesculptor,7
joicey,7
jolene,7
jonmarkphoto,7
junco,7
jutland,7
kabocha,7
kaila,7
keefer,7
keto,7
kingdome,7
kokoro,7
kortright,7
kuijer,7
kushner,7
l'atelier,7
l'avenue,7
laisser,7
lakehead,7
lamontagne,7
lamppost,7
lanius,7
lanthier,7
lanyard,7
lapage,7
lcpc,7
leamy,7
lecoka,7
ledbury,7
leif,7
lethallegs,7
lettre,7
levant,7
lexani,7
lexfield,7
lfs,7
librairie,7
library's,7
low-income,7
lowerys,7
lpn's,7
luckys,7
lummi,7
luponic,7
lures,7
luzerne,7
lyndonville,7
macey,7
magasins,7
magnets,7
malad,7
manistee,7
marc's,7
margueretta,7
marie-anne,7
masonville,7
matthew's,7
maytown,7
mazdacanada,7
mcdonaldscanada,7
mcphillips,7
mcts,7
mechanic-field,7
mechatronics,7
meilleure,7
melania,7
metrics,7
mg's,7
michigan's,7
micmac,7
mikado,7
miler,7
milverton,7
milwaukie-powell,7
mindfulness,7
misssarah,7
mitts,7
miyabi,7
mkubavica,7
mmajidi,7
mngt,7
mondial,7
monello,7
montcalm,7
mopop,7
mountaineer,7
mounties,7
mouthwatering,7
mulligans,7
myottawa,7
natashadavisfitness,7
nazila,7
nedrow,7
negaunee,7
neiges,7
nelles,7
nelsonsherbs,7
nenshi,7
neuropsychologist,7
neyb,7
nikkor,7
non-agent,7
non-surgical,7
norquay,7
novabus,7
npc,7
o'leary's,7
olmsted,7
ompa,7
on-location,7
onehealth,7
onionz,7
ootd,7
openingday,7
orca,7
ordinateurs,7
orenco,7
origami,7
oswegatchie,7
otolaryngology,7
otters,7
outaouais,7
outofmyleagueband,7
overlake,7
owb,7
pairings,7
papercakes,7
pappardelle,7
paradis,7
pasqualino,7
pedaler,7
perinton,7
pessoal,7
photocred,7
photographe,7
picard,7
piday,7
pikes,7
pileup,7
pilsener,7
pinckney,7
pittock,7
piyo,7
plaines,7
playfair,7
playter,7
poisson,7
polaroids,7
polysom,7
pomodoro,7
portes,7
post-run,7
postsecondary,7
ppmo,7
praline,7
privatbrauerei,7
prochains,7
propos,7
prozzak,7
pseudosue,7
ptwy,7
purebread,7
puslinch,7
pyke,7
qrv,7
quai,7
qualquer,7
quanto,7
quickstrike,7
rando,7
rasputin,7
rayoak,7
recevables,7
redeemer,7
redgrave,7
reiki,7
relexology,7
remaster,7
repas,7
reprise,7
resto-bar,7
restocks,7
revue,7
rhinebeck,7
rindge,7
riotheatre,7
rivercrest,7
rodarama,7
romaine,7
rond,7
ronettes,7
roozengaarde,7
rosita,7
rtm,7
run-n-shoot,7
rushton,7
s-l,7
s-xl,7
samesun,7
sammon,7
sanctuaire,7
sandbar,7
sanilac,7
saq,7
sarahandersencomics,7
schell's,7
schwalbe,7
scooter's,7
seahurst,7
secteur,7
setlist,7
sewell,7
shelborne,7
shenendehowa,7
shigezo,7
shiner,7
shinnicked,7
shizzlesherlock,7
shuck,7
silks,7
silverthorn,7
slick's,7
smitty's,7
snoopdogg,7
sobelman's,7
sonia's,7
sportz,7
springvale,7
st-hubert,7
stagette,7
stancesocks,7
stayton,7
steller,7
stk,7
streetsville,7
strumbellas,7
student-athletes,7
summerside,7
suncrest,7
sundaze,7
super-g,7
sweetbites,7
symons,7
syngenta,7
syrie,7
szechuan,7
t-f,7
tacofino,7
tartine,7
taughannock,7
tavernakaya,7
teardrops,7
tech-certified,7
technologist-ripon,7
telecommute,7
telemedicine,7
teleservices,7
terribles,7
terroriste,7
thacher,7
thedirtynil,7
therealtmajor,7
thrasher,7
tichester,7
titletown,7
tlmep,7
tnpke,7
toboggan,7
tormenta,7
trabalho,7
tranquille,7
transformational,7
travaille,7
trudea,7
trudelle,7
tstm,7
tuckaway,7
tumeric,7
turnberry,7
tutta,7
tyranena,7
tyskie,7
ultimatesneakershow,7
ultrasonographer,7
umpqua,7
uns,7
usskiteam,7
utsincsports,7
vacances,7
vadnais,7
valis,7
valley-river,7
vantiv,7
vidyard,7
vinales,7
vincenzo's,7
vins,7
volo,7
vontade,7
walburg,7
waldron,7
wawx,7
wedgewood,7
weizenbock,7
west-ified,7
westbourne,7
westfall,7
whiteboard,7
whiteout,7
whitewood,7
widmer,7
wilikers,7
willband,7
winemaker,7
witmer,7
wiwx,7
wolfsgart,7
worden,7
wxmi,7
xtensions,7
xyyvr,7
yat-sen,7
yellow-headed,7
yolks,7
zorbaz,7
aem,8
airstream,8
alam,8
albertson's,8
all-new,8
aloeblacc,8
alorica,8
alsheikh's,8
amirault,8
ampm,8
analyst-wa,8
andina,8
andreafryett,8
anti-aging,8
appleway,8
arcaro,8
arianagrande,8
arya,8
asg,8
aslmc,8
attwell,8
awd,8
backpacking,8
badassery,8
baguette,8
barbering,8
bartell,8
bartholomew,8
basmati,8
bassist,8
beattie,8
belfield,8
bellecour,8
benny's,8
bermondsey,8
bilingue,8
bitterroot,8
blecher,8
blossomfield,8
blowdry,8
bluewater,8
boneshaker,8
borracho,8
bourque,8
bralette,8
brasseurs,8
brayshaw,8
brine,8
brined,8
brit's,8
brougham,8
brownestone,8
bubba's,8
bucknell,8
bulgogi,8
bundt,8
burmasta-flex,8
buttonwood,8
cait's,8
canisrestaurant,8
canlis,8
cappella,8
caregivers,8
carestream,8
carpaccio,8
cbd,8
ccna,8
ceinture,8
celulite,8
certo,8
chantal,8
cheveux,8
chi-lites,8
chittenango,8
ciders,8
clairton,8
clatsop,8
claude-robillard,8
claybourne,8
coldwater,8
comptoir,8
concours,8
conehead,8
conesville,8
cookstown,8
couleur,8
cov,8
cowlitz,8
craftworkers,8
creperie,8
cribbage,8
crocuses,8
crotched,8
cyclones,8
cytotechnologist,8
d'affaires,8
d'or,8
dabs,8
dancelife,8
datahub,8
decluttering,8
dekker,8
delfonics,8
derrickhand,8
descargalo,8
dodgeville,8
donlands,8
drayton,8
dreamtime,8
drumheller,8
dundonald,8
durie,8
earl's,8
edbyellen,8
edelweiss,8
efs,8
elc,8
ellicottville,8
emmet,8
emojis,8
energipsy,8
enterostomal,8
equestrian,8
eyman,8
fabianhurschler,8
faiers,8
fairville,8
faites,8
fanfest,8
faraday,8
fennings,8
finestkind,8
finnriver,8
fisherville,8
fishhouse,8
flatstick,8
flavourful,8
fleurs,8
fortem,8
fortner,8
fortrose,8
frink,8
frogtown,8
fryeburg,8
fsp,8
fuligula,8
gabian,8
gabriela,8
galbraith,8
galiano,8
garneau,8
gastroenterologist,8
gelish,8
gestionnaire,8
geyser,8
gilles,8
glarus,8
goldfinch,8
gordonboyle,8
gravelly,8
gronych,8
gruit,8
gynecology,8
haggen,8
haight,8
halen,8
havarti,8
health-care,8
heatherside,8
hedgecock,8
hintonburg,8
hiver,8
hoh,8
honeyyslove,8
honouring,8
huis,8
inpt,8
intensivist,8
ionview,8
ispim,8
ivon,8
jackalope,8
jamieson,8
jessglynne,8
jetport-maine,8
joue,8
jream,8
juanmartinezpdx,8
kapowsin,8
karlsson,8
keune,8
khadr,8
kildonan,8
kiwanuka,8
kyc,8
l'escalier,8
lagered,8
lanesboro,8
lanissa,8
lashenvyhalifax,8
lauretta,8
legoland,8
lepage,8
leppard,8
leva,8
lewis-mcchord,8
lhsc,8
libations,8
lisgar,8
listowel,8
lookbook,8
lovecraft,8
lupine,8
luzmayolo,8
lyme,8
lynden,8
macdonell,8
manager-new,8
manitoba's,8
mario's,8
marionberry,8
marjory,8
maru,8
mattina,8
mbennett,8
mcchord,8
mcsheffrey,8
megawheat,8
membres,8
mendona,8
mercredi,8
merino,8
merlin's,8
metrapark,8
michaud,8
michelle's,8
millicent,8
milos,8
minnewaska,8
minoa,8
miroslav,8
mirra,8
mmxvi,8
mobarak,8
modist,8
moksha,8
moog,8
mornelle,8
morrish,8
mortimer,8
motogp,8
motorama,8
mountie,8
movernie,8
mtac,8
multicircuits,8
natura,8
nectarous,8
neicu,8
neopan,8
nerding,8
niagrafalls,8
nokomis,8
non-bridal,8
notl,8
nst,8
nubble,8
numa,8
o'briens,8
oakway,8
ocad,8
omakase,8
orfus,8
orrington,8
ossipee,8
ottsports,8
ouf,8
ouverte,8
owyhee,8
pacioretty,8
packagers,8
pailton,8
paradoxe,8
pardee,8
parfaite,8
peek'n,8
pickups,8
picu,8
pierre-elliott-trudeau,8
pierrefonds,8
pinel,8
piper's,8
playball,8
pomme,8
post-workshop,8
pouvez,8
pownal,8
pr's,8
prism,8
pupper,8
qfc,8
quilting,8
raglan,8
rathdrum,8
refinished,8
retrouver,8
reuben's,8
richelieu,8
roasterie,8
robbinsdale,8
rochester's,8
rockpile,8
rogersplace,8
rosenzweig,8
rousse,8
rplacecapitolhill,8
rudimental,8
rulemaking,8
rustica,8
rynex,8
s'more,8
salade,8
sandhill,8
save-on-foods,8
scaddabush,8
schmeer,8
schuylerville,8
sctoronto,8
seabus,8
seattle-bainbridge,8
selecter,8
sfu,8
shanafalana,8
shihan,8
shorncliffe,8
shoyu,8
shrike,8
sinnott,8
sitka,8
skaneateles,8
smyth,8
sortir,8
st-joseph,8
st-viateur,8
starke,8
stitcher,8
stonebridge,8
stormwater,8
successfactors,8
sully's,8
sundaes,8
sunoco,8
suzi's,8
swimmer,8
synth,8
synthwave,8
tannery,8
teletriage,8
terrasse,8
tetons,8
thedancecentrebc,8
thornbury,8
tideswell,8
timothy's,8
tomah,8
torontosign,8
trainyards,8
travelcenters,8
trinityseattle,8
trosper,8
truesdell,8
tuckered,8
tyndall,8
ucluelet,8
uidaho,8
unete,8
uvic,8
uw-madison,8
uwgb,8
vandellas,8
vansickle,8
vaut,8
vendre,8
vinaigrette,8
voyeur,8
watkinson,8
wayzata,8
weightlifting,8
wellbore,8
westhills,8
westparktos,8
westway,8
wildfin,8
worker-prn,8
world-class,8
wpgflood,8
wychwood,8
ymm,8
zenger,8
abbudget,9
acrylics,9
administrateur,9
airsoft,9
allagash,9
analog,9
anemones,9
anniversaire,9
anti-lgbtq,9
aprs,9
aquatics,9
arnold-hanafin,9
atb,9
aurores,9
banner's,9
barboza,9
bariatric,9
batik,9
batt's,9
beauport,9
bellecourmn,9
benjamminportzen,9
bessborough,9
bikeorbar,9
billy's,9
birchwood,9
bisons,9
biztalk,9
blackthorn,9
blem,9
bocconcini,9
bodysuit,9
bons,9
boudreault,9
boultbee,9
bragh,9
brauerei,9
bubs,9
buddy's,9
bulmers,9
butcher's,9
caloun,9
campsite,9
canalside,9
canaries,9
canis,9
canlan,9
carhenge,9
carkeek,9
cartems,9
cascadian,9
chard,9
charlotteville,9
chenango,9
chequamegon,9
chronique,9
chrysobalanaceae,9
ckrl,9
classique,9
claverack,9
coatsworth,9
collies,9
comisiones,9
corvus,9
cotta,9
countylicious,9
courtice,9
cowichan,9
crosspoint,9
cultura,9
d'hiver,9
dale's,9
danandshay,9
dansville,9
deere,9
delridge,9
desse,9
diable,9
dispo,9
doge,9
donuterie,9
dsci,9
duality,9
dubliners,9
dundurn,9
ebenezer's,9
eddystone,9
ellendale,9
ellerbeck,9
ellice,9
elliott's,9
elora,9
elum,9
embrun,9
empringham,9
eric's,9
etcheck,9
eva's,9
evolutions,9
exploreedmonton,9
feeney's,9
fencer,9
fencingryerson,9
flamenco,9
flom,9
floodway,9
flyover,9
frazer,9
fromage,9
froyo,9
fullfiguredmodel,9
funkwerks,9
furryseven's,9
galeries,9
galeville,9
gare,9
geehoneybeerz,9
geekery,9
gehtto,9
ghislain,9
gimli,9
girlscouts,9
glencairn,9
glenmont,9
goldstream,9
gopher,9
greektown,9
greencrest,9
groton,9
grv,9
guerre,9
hamlin,9
hana,9
harborview,9
hartt,9
havre,9
hdsbtechedu,9
hemlock,9
hermantown,9
hi-lo,9
himalayan,9
hitmen,9
hlo'om,9
hmv,9
hocken,9
hodo,9
holton,9
hoskin,9
hullmar,9
humewood,9
hurontario,9
hyalite,9
informatica,9
informatique,9
innis,9
internist,9
isabelle,9
jean-talon,9
jeova,9
jesucristo,9
johnsbury,9
k'ax,9
kaaterskill,9
kafe,9
kalkaska,9
kemptville,9
kendleton,9
kenney's,9
kenora,9
kornlandia,9
kundalini,9
kyu,9
lakeway,9
larch,9
larrabee,9
leckie,9
lemieux,9
lemondrop,9
leurs,9
licania,9
lichen,9
lola's,9
louer,9
lukes,9
luzia,9
madawaska,9
madras,9
magie,9
mahones,9
maligne,9
mallard,9
mamiya,9
mariaville,9
maritimes,9
mayville,9
mbflood,9
mcnary,9
mcnish's,9
meadowland,9
meadowside,9
millersport,9
missisauga,9
morissette,9
mossbank,9
motorsports,9
mtq,9
multi-campus,9
murdo,9
napanee,9
ndsu,9
nettle,9
nordique,9
norseman,9
northtown,9
nosh,9
nsa,9
nwpa,9
o'kelly's,9
oceanfront,9
offramp,9
ohsu,9
onboard,9
opentext,9
operato,9
orthopaedics,9
otisfield,9
otsego,9
otto's,9
overton,9
pagano,9
papineau,9
paracord,9
parsnip,9
partir,9
pease,9
pfriem,9
philomath,9
piglets,9
pinhole,9
polysomnographic,9
poolman,9
portobello,9
poser,9
poutinerie,9
pre-services,9
probiotics,9
puppies-merrell-sebago,9
quatre,9
radishes,9
ranunculus,9
redheadwoody,9
rendez-vous,9
rfs,9
romanoway,9
rplaceseattle,9
ryanlewis,9
saanichton,9
sandilake,9
santiam,9
sapperton,9
satkwhl,9
sayornis,9
sbayt,9
scallion,9
scoping,9
sct,9
sectional,9
semble,9
sequim,9
seront,9
sgwaay,9
shotberry,9
showcased,9
six-plexes,9
skiers,9
souris,9
southview,9
souvlaki,9
strapback,9
sucrerie,9
sugaring,9
suncor,9
sunscreen,9
superflux,9
suzzallo,9
tarragon,9
tattersall,9
teppanyaki,9
terrariums,9
terroni,9
testers,9
therapist-inpatient,9
thompsontoronto,9
thyra,9
tillerson,9
tittabawassee,9
tive,9
tkw,9
toit,9
touchpoint,9
tournage,9
tradeshow,9
treehouse,9
trfle,9
tri-cities,9
triunity,9
up-down,9
verhaeghe,9
vmware,9
vna,9
wainfleet,9
wedgwood,9
wholistic,9
willoway,9
witbier,9
wolfrey,9
wolseley,9
worker-comm,9
worksite,9
workstudy,9
xtra-citra,9
yeasty,9
yegwx,9
yuzu,9
zaphod,9
zinger,9
zonotrichia,9
aeolian,10
affordability,10
airway,10
alessiaamusic,10
amrap,10
appli,10
architecte,10
aroundthebayrace,10
arrondissement,10
auditeur,10
avez,10
backstreetboys,10
balsam,10
barsculpt,10
beartooth,10
beau's,10
beerworks,10
belding,10
bibimbap,10
bickford,10
blackearth,10
boco,10
bodyvox,10
bollerize,10
braeside,10
breaky,10
brewdad,10
bridgepoint,10
broadoaks,10
broughton,10
browncroft,10
burdock,10
buuren,10
caldera,10
carbonation,10
cedarbrae,10
cedarvale,10
ceux,10
chaque,10
charbonneau,10
charlton,10
chezlavelle,10
chokers,10
cidade,10
cidery,10
clubeskimo,10
coleslaw,10
comox,10
compte,10
confiscation,10
copperstone,10
cornelia,10
crossfitgames,10
cuerpo,10
d'amour,10
dachsy,10
dairee,10
delts,10
denfield,10
devontay,10
dimingo,10
dinkytown,10
dixonthebullador,10
dogpatch,10
dollard-des-ormeaux,10
dr-dewitt,10
drinkable,10
dubzsmack,10
dylansalfer,10
ecology,10
eero,10
egs,10
elles,10
elysian,10
esses,10
evnt,10
fairglen,10
falconridge,10
fettuccine,10
fiddlers,10
fils,10
finlay,10
firgrove,10
firstnet,10
fitzgibbon,10
floorhand,10
floristry,10
frittata,10
funko,10
gallagher,10
gentlemen's,10
gilford,10
gladwin,10
glebe,10
glenmount,10
gowanda,10
grainy,10
grartmuseum,10
grassi,10
greenbank,10
gunstock,10
gutterson,10
haggerty,10
hairfarmers,10
handspun,10
hannaford,10
hargrave,10
hijynx,10
hillyard's,10
hippity,10
histoire,10
hogwarts,10
homa,10
honeoye,10
house-made,10
huxbaby,10
i-gsap,10
iceboat,10
ifly,10
iga,10
inuit,10
islooking,10
jeanne,10
jeux,10
jobe,10
joyeuse,10
junofest,10
kampai,10
karaage,10
kerrisdale,10
ketchum,10
khyber,10
kinsmen,10
kizuki,10
lambton,10
lamplighter,10
launt,10
leeks,10
leith,10
life-changing,10
lino,10
logan's,10
lombardi,10
longweekend,10
lunchbox,10
majic,10
mckay,10
menla,10
merton,10
metrology,10
mgcc,10
middleport,10
milliken,10
millinocket,10
mintage,10
momo's,10
montreal-trudeau,10
montrealers,10
mricu,10
murals,10
niketoronto,10
nouvel,10
nurse-mental,10
o'gara's,10
off-leash,10
ogunquit,10
oh's,10
okoboji,10
olana,10
onboarding,10
ontheboards,10
orangetheory,10
oretta,10
ostomy,10
otttraffic,10
padden,10
panache,10
panico,10
paraffin,10
parkwood,10
pcldr,10
penetanguishene,10
peridot,10
pewit's,10
phredhaus,10
pitre,10
plantatoronto,10
platte,10
post-secondary,10
postdoctoral,10
pouco,10
pourhouse,10
pourrait,10
prefunk,10
proc,10
promposal,10
putaway,10
qual,10
racerback,10
red-throated,10
reidmount,10
rental-everett,10
retails,10
rhcp,10
richview,10
roccoway,10
roseway,10
russett,10
saint-lambert,10
sarcee,10
saskia,10
sauble,10
say's,10
schumer,10
schwarzbier,10
sclafani,10
sculpin,10
seaplane,10
selenagomez,10
sellwood,10
shaganappi,10
shoeless,10
shopify,10
sopha,10
spclst,10
spied,10
sportsman's,10
spring-like,10
stanfield,10
starboy,10
staves,10
steeprock,10
stella's,10
stellata,10
stevensville,10
stouts,10
strathgowan,10
strongbow,10
sunday-thursday,10
sustainability,10
tabata,10
targhee,10
tarrytown,10
tenure-track,10
tibbetts,10
timhortons,10
torbay,10
towing,10
trainspotting,10
trevors,10
tumbleweeds,10
uottawa,10
upshur,10
urbanshoot,10
varoway,10
viaduct,10
viu,10
walker's,10
wasaga,10
watercolour,10
wayland,10
welders,10
wellseley,10
wellspring,10
westhumber,10
westview,10
westwind,10
whitecap,10
wilco,10
willingdon,10
wincott,10
wine-ohs,10
winston's,10
wiretap,10
wisconsin-la,10
wolfville,10
wolverines,10
wtmj,10
wtmj-tv,10
ackroyd,11
aerie,11
alberni,11
alderbrook,11
alderney,11
alessia,11
allegan,11
allouez,11
argentia,11
armin,11
arup,11
aseracare,11
avions,11
backend,11
barlisamarie,11
barnwood,11
bastien,11
behav,11
beleza,11
bentall,11
berrien,11
bierwerks,11
biscotti,11
blodgett,11
bluesky,11
boardroom,11
bolognese,11
bouldering,11
boykin,11
bremner,11
brigus,11
calgarians,11
cardco,11
carnforth,11
cavell,11
ccfm,11
celeste,11
certfied,11
chalkfarm,11
chelan,11
chiffon,11
chirpherder,11
congee,11
conlins,11
constructors,11
corkill,11
coupeville,11
crosswater,11
crowfoot,11
cryotherapy,11
cvor,11
cytogenetics,11
d'avril,11
davison,11
decals,11
diegodiego,11
dowtown,11
ducati,11
dugualla,11
dunfield,11
eagleson,11
eastend,11
eddington,11
elbridge,11
ellingson,11
enmax,11
enoteca,11
estou,11
ewan,11
fargodome,11
favorita,11
fetty,11
fleek,11
fontenelle,11
forno,11
gagnon,11
gastro,11
gauthier,11
gavia,11
gemstone,11
gher,11
giannis,11
guidewire,11
guilderland,11
halifaxe,11
hamline,11
harvey's,11
hencle,11
hendon,11
henniker,11
henning,11
hillingdon,11
homebrew,11
hoppiness,11
hopscape,11
hudsonsbay,11
hudsonville,11
humberline,11
huntingwood,11
icu-new,11
indspire,11
journaling,11
jt's,11
kanata's,11
kenaston,11
knollwood,11
l'eau,11
l'oratoire,11
ldrp,11
life-threatening,11
lifecare,11
linoarciteam,11
lirp,11
lisa's,11
litres,11
losa,11
lukas,11
luxy,11
lvl,11
manitobans,11
marchi,11
mattamy,11
mayland,11
mccaul,11
mccaw,11
mccoy's,11
mendon,11
mentz,11
metropark,11
mid-tunnel,11
milkjam,11
mirvish,11
misericordia,11
missi,11
momofuku,11
moonstone,11
morinville,11
mowat,11
moxee,11
moyne,11
murs,11
muttart,11
ndg,11
neddick,11
nier,11
nightcap,11
o'connor-parkview,11
oddygato,11
oregano,11
osoyoos,11
otg,11
ottcity,11
overbrook,11
palczynski,11
pantages,11
pantone,11
passionfruit,11
payette,11
peguis,11
peoplesoft,11
pertes,11
petrochelidon,11
pinterest,11
portlandia,11
poulett,11
poulry,11
practitioner-seattle,11
prise,11
professionnel,11
pyrrhonota,11
radler,11
rebeltoronto,11
richmondville,11
rockcliffe,11
rockys,11
rockyview,11
roofers,11
saint-luc,11
salty's,11
salvadorean,11
sampler,11
scrum,11
sculpting,11
seamus,11
self-care,11
senlac,11
sephoracanada,11
shaughnessy,11
shermount,11
shiitake,11
showare,11
skydive,11
sleater,11
sleepwalking,11
sloansville,11
snowday,11
souper,11
spaceneedle,11
spearfish,11
spencerport,11
spyhouse,11
staycation,11
stevensamhain,11
sunwing,11
superfood,11
supperclub,11
surfers,11
swoo,11
tarte,11
tartness,11
tecumseth,11
tele-icu,11
terroir,11
tinha,11
topgolf,11
tosa,11
trailhead,11
trappist,11
trevone,11
trott,11
turmeric,11
umatilla,11
uqam,11
vinz,11
voodoodoughnut,11
walmer,11
wapta,11
weekender,11
wholey,11
winnipeg's,11
wolfeboro,11
woodstone,11
wpg,11
yegtraffic,11
yogis,11
agm,12
ainsdale,12
allanhurst,12
alness,12
annafoxy,12
aragon,12
arcing,12
arongen,12
astors,12
ayinger,12
aythya,12
azacca,12
babyliss,12
bazman's,12
beerwerks,12
bfit,12
biofeedback,12
bodhizafa,12
boothbay,12
bpm,12
brewster,12
bridger,12
burrage,12
callister,12
cardiologist,12
castleton,12
ceda,12
chatfield,12
cidre,12
cnrl,12
copacabana,12
cowbell,12
craic,12
cranmore,12
crct,12
crothall,12
cummer,12
cuvee,12
damariscotta,12
davisville,12
delafield,12
dinette,12
dixmont,12
durrer's,12
earthhour,12
elev,12
ellerslie,12
enbridge,12
epipens,12
fairgrounds,12
fartsy,12
feu,12
flowermate,12
focaccia,12
foosball,12
frankfort-schuyler,12
fultonville,12
galganov,12
gantenbein,12
geg,12
githayetsk,12
glamorgan,12
glenburn,12
goldring,12
grumpy's,12
hadoop,12
halcott,12
healthpro,12
hhp,12
homeowner,12
housemade,12
howland,12
huntingdale,12
idahome,12
impactkitchen,12
indust,12
integrator,12
iprospect,12
jrs,12
kaleo,12
kennebunkport,12
kente's,12
ketchabuz,12
kingslake,12
l'a,12
l'un,12
languageline,12
latourell,12
laurelhurst,12
lavelle,12
lesher's,12
liberta,12
loup,12
lpns,12
lupulin,12
maeko,12
mahony,12
markov,12
markt,12
masood,12
masset,12
mccord,12
meadowbrook,12
medsurg,12
menchie's,12
mercedes-benz,12
moana,12
mobridge,12
monkland,12
moosehead,12
mshsl,12
multi-device,12
mumps,12
naegeli,12
nationalballet,12
nunavut,12
officialkaleo,12
oromocto,12
osgoode,12
oxbow,12
papai,12
perdue,12
pexsun,12
phinney,12
physiatrist,12
pne,12
posy,12
poynette,12
prairies,12
quil,12
quinte,12
ramsay,12
remax,12
restaurante,12
rhett,12
riptide,12
ritzcarlton,12
riverbend,12
rmt,12
roadshow,12
rockcreek,12
rollinsford,12
rona,12
rosscarrock,12
saanich,12
saint-michel,12
sair,12
saugerties,12
schnitzel,12
scu,12
shawnessy,12
skibowl,12
skulleeroz,12
snowshoes,12
sourced,12
southridge,12
sssu,12
st-patrick,12
starfire,12
superheroes,12
syrah,12
taverna,12
taverne,12
tettegouche,12
tifft,12
topaz,12
tottenville,12
tufted,12
tunl,12
umami,12
underhill,12
uteck,12
uwajimaya,12
wahclella,12
wahlpro,12
wework,12
widing,12
wingdale,12
winnifred,12
woodfield,12
yachats,12
yul,12
aco,13
alpental,13
alverno,13
angelle,13
annchkac,13
aryaka,13
attitash,13
aws,13
bantam,13
bespoke,13
bighorn,13
blackstack,13
blueapron,13
boho,13
bourgogne,13
bracebridge,13
brewerton,13
byu-idaho,13
carmike,13
castleridge,13
chubbuck,13
cibo,13
cityscape,13
clementine,13
conseiller,13
contemporain,13
cowl,13
croissants,13
cucina,13
cybersecurity,13
darcy,13
deering,13
dehors,13
delicatessen,13
delite,13
depoe,13
derozan,13
dolci,13
donway,13
douro,13
dunsmuir,13
edmontontattooshow,13
erlton,13
essgo,13
essipit,13
evine,13
feeders,13
flamborough,13
foie,13
forcast,13
freshii,13
frites,13
frootwood,13
gainz,13
galchenyuk,13
gaudet,13
glacial,13
glenholme,13
gobles,13
gouverneur,13
griffintown,13
grimsby,13
hawkwood,13
hematology,13
highbury,13
highwood,13
hminv,13
houlton,13
hy-vee,13
innes,13
insley,13
intravenous,13
ironwood,13
ittp,13
jxe,13
klahanie,13
kygo,13
lacs,13
legalization,13
licensure,13
lowertown,13
macalester,13
macewan,13
maddpretty,13
mah-ann's,13
mammography,13
mandala,13
martinpatrick,13
maytals,13
mclevin,13
melandri,13
metcalfe,13
meydenbauer,13
mhrt,13
midwifery,13
migos,13
monk's,13
montfort,13
mossy,13
moxie,13
mrwaytooloud,13
non-experienced,13
northcliffe,13
onlyonegallery,13
ouest,13
parkhurst,13
parkwoods,13
penacook,13
peri,13
platten,13
pointe-aux-trembles,13
pok,13
pokegama,13
potawatomi,13
prost,13
provence,13
qualicum,13
renos,13
reverseengineeredtuning,13
rossa,13
savoury,13
scobey,13
scolaire,13
scottsville,13
searsport,13
ski's,13
snowmobiling,13
st-ambroise,13
starway,13
stoneyard,13
stowemt,13
stretchy,13
sullivan's,13
sumach,13
supervisor-compliance,13
svcs,13
tartberry,13
tbd,13
teak,13
topper,13
tqa,13
training-maurices,13
unboxing,13
unionville,13
usao,13
valrine,13
wagamese,13
walworth,13
washburne,13
weare,13
weller,13
whitlock,13
wineries,13
winterport,13
zeppole,13
aidan,14
amberalert,14
amy's,14
b-side,14
balmuto,14
banh,14
bcit,14
bharara,14
blythwood,14
bonshaw,14
boxlist,14
brooklin,14
brownestonegp,14
bruin,14
buttercream,14
canisius,14
capitols,14
carson's,14
charleswood,14
chilipeppers,14
clio,14
cottonwood,14
currie,14
decarie,14
djoulie-m'renmenw,14
doppelbock,14
eastbank,14
eastdale,14
eastown,14
edgefield,14
entrepreneurz,14
ericchurchmusic,14
erp,14
faceoff,14
fenside,14
flowers-west,14
foc,14
follett,14
freeland,14
glute,14
goffstown,14
goodcatchboil,14
greenlake,14
haida,14
haig,14
hallowell,14
hanscom,14
hao,14
hazelton,14
hemodialysis,14
hit'intkwhl,14
huc,14
jaunt,14
jonesville,14
jow,14
kananaskis,14
kentville,14
knits,14
laurenshea,14
leitao,14
lionel-groulx,14
lularoe,14
lululemon,14
luxoft,14
maisonneuve,14
mbstorm,14
miracle-gro,14
monorail,14
morrie's,14
mpls-nicollet-mall,14
nehalem,14
nhljets,14
nicet,14
normandale,14
obstetrics,14
omara,14
oncologist,14
ontaio,14
ovo,14
oxblood,14
pallister,14
pgy,14
photographie,14
pis,14
portuondo,14
presse,14
prochain,14
pts'aan,14
quechee,14
reedway,14
ritz-carlton,14
rivertown,14
rpn,14
sagadahoc,14
sandpoint,14
saudade,14
sauvie,14
siskiyou,14
slabtown,14
smokea,14
softap,14
st-patrick's,14
stallis,14
steris,14
tanger,14
taproot,14
tenino,14
tfc,14
tfv,14
thumbprint,14
tonycsq,14
toppenish,14
trainor,14
triphammer,14
ualbany,14
udp,14
valhalla,14
vanley,14
veritas,14
vermicelli,14
vinyasa,14
wapato,14
warriorz,14
waterdown,14
weezer,14
widdicombe,14
wintery,14
wolf's,14
womack,14
woodroffe,14
xanthocephalus,14
yesler,14
abdi,15
afton,15
albans,15
andrew's,15
arnprior,15
arosha,15
assan,15
balliol,15
baristas,15
beddington,15
bonnyville,15
brenyon,15
brioche,15
caledon,15
cambrian,15
caruthers,15
casco,15
caturday,15
cazenovia,15
ceci,15
cfo,15
chamberlains,15
clyro,15
confirme,15
crushable,15
d'avoir,15
danse,15
dekum,15
demetre,15
dimillo's,15
doorperson,15
duchesse,15
emcare,15
escoumins,15
fini,15
foodies,15
fujifilm,15
gnocchi,15
growlers,15
gunmetal,15
haysboro,15
hertel,15
hoenes,15
homan,15
huckleberry,15
ivar's,15
jokkerr,15
kincora,15
komonews,15
lancome,15
loblaws,15
macadam,15
mackenthun's,15
marmot,15
matinee,15
mcdavid,15
methot,15
mews,15
mht,15
misfitoss,15
misfitstudio,15
moraine,15
mouthfeel,15
neurolux,15
o'brien's,15
ocup,15
oly,15
oskenonton,15
palmyra,15
philanthropy,15
phoenicia,15
pois,15
ramsar,15
riverwoods,15
sanbornton,15
showplace,15
smithwick's,15
standish,15
stminfo,15
studiolashesbyliz,15
suarez,15
swarovski,15
tapscott,15
tastings,15
thriftway,15
ualberta,15
upcycled,15
uptempo,15
waterton,15
worksafe,15
adida,16
adulting,16
aioli,16
albro,16
attentat,16
autres,16
basted,16
batl,16
bigtweeze,16
birra,16
boba,16
business-portland,16
cassia,16
cdla,16
chemin,16
cicu,16
cinetopia,16
cloverdale,16
colborne,16
colouring,16
corecivic,16
corunna,16
dubh,16
eastport,16
eastview,16
elderplace,16
fionn,16
firstontario,16
flogging,16
gastroenterology,16
goethals,16
goofs,16
greenboro,16
groveland,16
hairstyling,16
harney,16
hec,16
hefe,16
houda-pepin,16
ilion,16
josephine,16
kaarigar,16
kasd,16
kateandbug,16
kdc,16
kenmount,16
koehn,16
kopp's,16
kriek,16
kutefit,16
lilywood,16
maccool's,16
manchester-boston,16
menthe,16
milgard,16
millennials,16
minnewanka,16
moneca,16
nata,16
newburgh-beacon,16
newhalem,16
northlands,16
offerup,16
olympique,16
onewednesdayto,16
opioid,16
ouvre,16
parkview,16
pointe-saint-charles,16
polenta,16
polqc,16
poulet,16
preet,16
programmeur,16
prowler,16
qew,16
qu'il,16
qualifier,16
radio-canada,16
ranchlands,16
rencontre,16
reposting,16
repurposed,16
secondaire,16
selectstaffing,16
skied,16
slalom,16
smithers,16
sommet,16
soundersfc,16
spacex,16
spotr,16
springbank,16
steelhead,16
substation,16
supercentre,16
targ,16
thrusters,16
torta,16
townsquare,16
ultralounge,16
vedder,16
vep,16
vfire,16
videography,16
vivre,16
waterworks,16
wyndham,16
yeon,16
abstractor,17
ahuntsic,17
antigonish,17
artois,17
beeverz,17
benaroya,17
boscawen,17
bouge,17
brookbanks,17
canada-wide,17
carman,17
castlefield,17
caterers,17
cosburn,17
credentialing,17
curated,17
daffodil,17
dasan,17
devant,17
drop-in,17
galerie,17
gameplan,17
ganache,17
gasinv,17
girard,17
greenway,17
grindz,17
harley-davidson,17
hartland,17
hazeldean,17
headshots,17
hilldale,17
homepatient,17
icehouse,17
interurban,17
invasive,17
janitorial,17
keuka,17
langlie's,17
lipsense,17
lockbox,17
ma-c,17
manitoulin,17
markville,17
middleburgh,17
minneapolis-saint,17
montlake,17
nepean,17
nisqually,17
northwood,17
olivian,17
ovid,17
palouse,17
peggy's,17
pey,17
pre-show,17
purdys,17
quispamsis,17
renaud's,17
rwrunstreak,17
sanis,17
shopko,17
sidecar,17
snowshoe,17
stfx,17
stumptown,17
succulents,17
tahn,17
vanautoshow,17
vitapath,17
wetaskiwin,17
willsboro,17
winter's,17
wisco,17
xian,17
zachary,17
allegany,18
angie's,18
beautyandthebeast,18
brewfest,18
brier,18
bromont,18
cedarburg,18
championnat,18
chesterman,18
collinsgrove,18
dollarama,18
dovehouse,18
dry-hopped,18
ecobee,18
extraordinaire,18
fueler,18
gabriola,18
glace,18
greensleevespub,18
halton,18
heure,18
joshuastrees,18
kick-ass,18
kine,18
knapp's,18
lashnbrow,18
lavishspokane,18
lynxville,18
magnifique,18
magnuson,18
manitou,18
melhor,18
mendota,18
midnapore,18
millrise,18
mobe,18
modelling,18
nceca,18
neumos,18
neuroscience,18
nor'easter,18
northwell,18
ods,18
orford,18
pied,18
plateau-mont-royal,18
pmuink,18
polson,18
rundle,18
saxe,18
sechelt,18
self-hypnosis,18
selon,18
sentryworld,18
shelburne,18
skywatch,18
snowshower,18
sorbet,18
southwood,18
springhill,18
sriracha,18
swatch,18
tbnw,18
telehealth,18
thunderbirds,18
timothymeerman,18
tiramisu,18
twinning,18
updo,18
wny,18
wygant,18
xanterra,18
alexa,19
anjou,19
applewood,19
associate-maurices,19
atelier,19
autumn'sechoshoppe,19
bizon,19
boathouse,19
boni,19
byng,19
cboc,19
chainsmokers,19
charcuterie,19
charlevoix,19
chef's,19
coderre,19
comey,19
crma,19
crowne,19
dallner,19
downie,19
drifters,19
drinkery,19
duhaime,19
edmonton's,19
egk,19
electrophysiology,19
engel,19
facilitator,19
fri-yay,19
frontenac,19
gagnons,19
geriatrics,19
glenmore,19
gopro,19
greenskeeper,19
greyline,19
gulch,19
hagerman,19
haiku,19
hastings-sunrise,19
hatha,19
iaas,19
iginla,19
jamie's,19
joni,19
kexp,19
lancement,19
litty,19
loretto,19
luc,19
maine's,19
mallorytown,19
mckinstry,19
mcmorris,19
middlebury,19
middleville,19
mountlake,19
muay,19
on-street,19
oncenter,19
paas,19
paddling,19
paraprofessional,19
pennfield,19
pere,19
presenta,19
rn-fms,19
roasty,19
roselawn,19
shawarma,19
southworth,19
sparroway,19
stapleton,19
steilacoom,19
strachan,19
tapps,19
teall,19
tilton,19
topsail,19
trumansburg,19
ubereats,19
underpass,19
wegmans,19
xpa,19
aama,20
albina,20
armoury,20
barkery,20
bonavista,20
bridgehampton,20
brujo,20
burnhamthorpe,20
cabbagetown,20
canajoharie,20
chesswood,20
chickpea,20
citrusy,20
comicontoronto,20
comision,20
coordinators,20
diffuser,20
driller,20
dungeness,20
earthen,20
ecola,20
factoria,20
federal-mogul,20
glowbal,20
graydon,20
guillotine,20
hales,20
ipas,20
kenwood,20
kolsch,20
landgrove,20
lebovic,20
lehigh,20
maibock,20
malts,20
marigold,20
marlee,20
middlefield,20
murrayville,20
obstetrician,20
perinatal,20
porchetta,20
rabba,20
rathburn,20
ridgedale,20
riverwest,20
saloncentric,20
scn,20
seabright,20
sebago,20
silton,20
slainte,20
steamworks,20
trethewey,20
trvl,20
uvm,20
waterer,20
weisse,20
westjet,20
winton,20
woodmark,20
ywca,20
zeppelin,20
allenmore,21
arpt,21
avicii,21
aylmer,21
backcountry,21
baraboo,21
caffe,21
canadien,21
centre-ville,21
chained,21
cnty,21
consetetur,21
corktown,21
cully,21
curl's,21
doggo,21
dorbz,21
ellicott,21
estee,21
freehouse,21
furby,21
grotto,21
hhas,21
hochelaga-maisonneuve,21
jiu,21
kawartha,21
lambeau,21
lundi,21
lunenburg,21
lynnbrook,21
malmstrom,21
massena,21
meterman,21
millwork,21
modeler,21
monona,21
montreal's,21
moxie's,21
neurosurgery,21
newfield,21
nhlflames,21
nouveaux,21
occn,21
officialbetterbodies,21
outerbridge,21
petoskey,21
plusieurs,21
roehampton,21
romar,21
rustandpineco,21
scheels,21
skidmore,21
snowmobile,21
tamarack,21
trattoria,21
tuscan,21
unidine,21
wailers,21
wickson,21
wynford,21
alpena,22
altadore,22
arnp,22
barrhaven,22
beecroft,22
burpees,22
byward,22
c-train,22
clita,22
cookiepizza,22
cupping,22
delton,22
dockworker,22
ecm,22
elon,22
glengrove,22
gorsuch,22
grandravine,22
guava,22
harbourfront,22
hooksett,22
hornby,22
jantzen,22
jean-francois,22
ketchikan,22
kiwanda,22
leprechauns,22
leslieville,22
lolgw,22
mailroom,22
marc-yvan,22
millennial,22
minisink,22
moorland,22
officer-uw,22
officialgasp,22
ozaukee,22
pickleberry,22
plein,22
pomfret,22
rma,22
shriners,22
skamania,22
superbe,22
thyme,22
ultracar,22
victo,22
yaquina,22
alberta's,23
chippewa,23
deerfoot,23
disponible,23
fessenden,23
gsh,23
gubergren,23
lcbo,23
lumsden,23
mainegeneral,23
maybrook,23
mclaren,23
mesmo,23
mohonk,23
notley,23
otisville,23
piscataquis,23
practical-vocational,23
rgarges,23
sainte,23
sherway,23
skatepark,23
spca,23
starbuckscanada,23
sunapee,23
tfl-men,23
agate,24
amethyst,24
astor's,24
avons,24
bannock,24
bellwoods,24
breadalbane,24
cattaraugus,24
colonie,24
complexe,24
domaine,24
donair,24
edgemont,24
endocrinology,24
enumclaw,24
gdns,24
guckenheimer,24
handcrafted,24
informatics,24
kombucha,24
korah,24
mortel,24
niveau,24
onroute,24
otr,24
portra,24
pss,24
rimrock,24
socialhouse,24
sooke,24
stratham,24
szn,24
thoracic,24
tmj,24
uginc,24
vape,24
whatcom,24
whitehorn,24
xtreme,24
airbnb,25
allenby,25
avalonbay,25
aydin,25
barleywine,25
bastille,25
boeser,25
brouwerij,25
cadburyand,25
cdnpoli,25
chalfont,25
clerkcashier,25
downsview,25
epipen,25
franco-manitobain,25
glenlake,25
hillhurst,25
landstar,25
lcsw,25
luddingtonville,25
lutsen,25
mandylor,25
microblading,25
o'hara's,25
oiler,25
orting,25
pewaukee,25
porte,25
prepped,25
rpx,25
spiro,25
suministro,25
uw-milwaukee,25
ville-marie,25
yonge-dundas,25
acupuncture,26
almaud,26
autoroute,26
bayfield,26
ceb,26
earls,26
expos,26
fallsview,26
firkin,26
flatbed,26
glens,26
hylan,26
kincardine,26
madewell,26
morneau,26
ouellet,26
outremont,26
peptalk,26
polreq,26
postpartum,26
provincials,26
quelques,26
rcis,26
ricotta,26
rn's,26
runnymede,26
sliders,26
snr,26
strathroy,26
urology,26
vallarta,26
voici,26
assemblers,27
boyne,27
campbellford,27
chehalis,27
fernie,27
fruitbelt,27
intertek,27
ivanka,27
kissultralounge,27
llj,27
lsat,27
manager-maurices,27
nadeau-dubois,27
niagara-on-the-lake,27
non-assessed,27
okotoks,27
orpheum,27
piney,27
schnitzer,27
shandy,27
silverstar,27
sportif,27
st-bruno,27
subaru,27
sweetser,27
tartare,27
wabasha,27
weiser,27
westaff,27
williston,27
accusam,28
adjuster,28
albia,28
bavarian,28
beamsville,28
bellperson,28
co-manager,28
cours,28
ctriders,28
cvicu,28
evo,28
fiserv,28
greendale,28
juniper,28
kimchi,28
l'hiver,28
lasher,28
ludington,28
mechanicville,28
medcor,28
nocturnist,28
oliverea,28
pender,28
rcs,28
skowhegan,28
springhurst,28
stouffville,28
takimata,28
toute,28
treypod,28
verrazano,28
westgate,28
wildflower,28
afb,29
anesthetist,29
berserk,29
blackbird,29
bonney,29
bridgton,29
canadablooms,29
cayo,29
dermatology,29
gananoque,29
gluten-free,29
harbord,29
jetport,29
krushers,29
lowry,29
lumineers,29
lyndale,29
mcnicoll,29
michiana,29
orono,29
per-diem,29
projet,29
rawsonville,29
raymertown,29
sadipscing,29
shellac,29
slinger,29
speigletown,29
steveston,29
stpatricksday,29
summerhill,29
sycaway,29
vimy,29
voluptua,29
athmorepawn,30
bakeshop,30
baldwinsville,30
bridletowne,30
chuckanut,30
colectivo,30
deschutes,30
fung,30
hassalo,30
hefeweizen,30
kohler,30
mcloughlin,30
mimico,30
molson,30
okemo,30
quintilesims,30
revelstoke,30
sauk,30
sharepoint,30
skyview,30
st-laurent,30
suncadia,30
vanier,30
waseca,30
whidbey,30
whitefish,30
xhiggy's,30
bakerview,31
broadband,31
dubbel,31
fairport,31
ft-maurices,31
glenbrook,31
halibut,31
helles,31
hris,31
kitsap,31
l'url,31
mandir,31
martine,31
metrotown,31
microbrasserie,31
rebum,31
redpath,31
strafford,31
wclc,31
almres,32
burleigh,32
crosstown,32
djoulie-m'renmen,32
druzy,32
elitr,32
eos,32
evangelio,32
hespeler,32
highline,32
kittery,32
macarons,32
midspan,32
miscf,32
oriskany,32
patajel,32
pittsford,32
preload,32
quartier,32
sesu,32
tandel,32
terwilliger,32
zanmi,32
aguirre,33
altisimas,33
andel,33
brockport,33
catskinner,33
croton,33
helzberg,33
iipa,33
lenten,33
mcat,33
moneygram,33
niagra,33
raines,33
repostregramapp,33
rolloff,33
seawall,33
skinsational,33
soudan,33
spanky's,33
summerland,33
tegan,33
traitement,33
villeray,33
west-southwest,33
yyz,33
zucchini,33
ableg,34
aliquyam,34
bindery,34
carlaw,34
coiteux,34
comptes,34
ecommerce,34
grouse,34
guildwood,34
hogen,34
jdhuntr,34
lougheed,34
ltac,34
manager-retail,34
nomad,34
opt-in,34
representative-retail,34
sasktel,34
t-bar,34
vieux-port,34
xperience,34
abv,35
bayshore,35
ciel,35
conversiones,35
deadlift,35
entry-level,35
excelerator,35
macaron,35
marda,35
petite-patrie,35
queensbury,35
shoshone,35
showery,35
snowshoeing,35
weecycled,35
amoney,36
clinique,36
kenney,36
leader-retail,36
marlington,36
marquam,36
mda,36
meadowvale,36
proservices,36
resourcemfg,36
sanctus,36
whitecaps,36
fitzsimmons,37
kenton,37
obamacare,37
railworks,37
sanofi,37
skagit,37
superbored,37
sutto,37
technicien,37
tripel,37
boozy,38
commis,38
coxsackie,38
invidunt,38
izakaya,38
jours,38
maranatha,38
moultonborough,38
nonumy,38
overpass,38
saint-bruno,38
sau,38
sunalta,38
emsc,39
erat,39
inreach,39
lowther,39
nicollet,39
poulsbo,39
sourcing,39
sugarbush,39
blumenstudio,40
caramelized,40
ctvwpg,40
east-southeast,40
eirmod,40
enercare,40
ilburn,40
labore,40
lapeer,40
ppm,40
restocked,40
squamish,40
tabor,40
assoc-maurices,41
coxwell,41
culturel,41
devos,41
dolore,41
flavel,41
johnsonville,41
kennebec,41
martin-brower,41
roastery,41
samedi,41
taghkanic,41
tempor,41
vischer,41
apoqualia-g,42
basilica,42
berwick,42
brasserie,42
burrard,42
crcl,42
dynacare,42
ms-optics,42
overlea,42
rdg,42
thornhill,42
topsham,42
twp,42
vly,42
agassiz,43
balayage,43
eurest,43
fergus,43
frankenmuth,43
gastropub,43
kadlec,43
superstore,43
tulalip,43
waupun,43
belltown,44
emporium,44
leaside,44
mani-pedis,44
minuteclinic,44
saint-henri,44
seared,44
ballston,45
braised,45
flaggers,45
hvac,45
lessard,45
manorcare,45
neurology,45
oakk,45
riverfront,45
roush,45
taxidermy,45
wildrose,45
annuel,46
breakside,46
colourful,46
connaught,46
devops,46
dovercourt,46
expera,46
mont-tremblant,46
msw,46
pubast,46
sensen,46
southdale,46
tsawwassen,46
appartement,47
kitsilano,47
skytrain,47
streetgame,47
taphouse,47
bolduc,48
brainerd,48
lamoille,48
macdonald-cartier,48
mdlz,48
rbnhole,48
salesforce,48
bier,49
bowness,49
off-ramp,49
sackville,49
snhu,49
syncrude,49
associate-retail,50
donnelley,50
duplexes,50
leica,50
shift-leader,50
strathmore,50
sugarloaf,50
vancouver's,50
wisconsin-madison,50
alderwood,51
bankview,51
calkins,51
chartwells,51
clinician,51
coder,51
palais,51
pky,51
saranac,51
scorers,51
teamhealth,51
whitewater,51
arboretum,52
belknap,52
charest,52
escanaba,52
macleod,52
marihuana,52
coord,53
mcmaster,53
mcmenamins,53
roncesvalles,53
unloader,53
vaporizers,53
wagonlit,53
worldmark,53
gagner,54
houseperson,54
minnehaha,54
ristorante,54
teton,54
tillamook,54
waconia,54
wge,54
creekside,55
oberon,55
rexdale,56
sidewalk-repair,56
south-southeast,56
yaletown,56
busser,57
d'alene,57
lna,57
lucky's,57
phlebotomist,57
tbt,57
analyste,58
puller,58
snyders,58
yamhill,58
onondaga,59
snohomish,59
southcenter,59
bridgeland,60
puget,60
scoular,60
valmont,60
canmore,61
glcc,61
osler,61
whitby,61
anpam,62
awos,62
cloquet,62
seattle's,62
south-southwest,62
specialist-retail,62
barrel-aged,63
detailer,63
mortg,63
penfield,63
residenc,63
thorncliffe,63
backlane,64
endoscopy,64
foth,64
ossington,64
barbur,65
growler,65
robson,65
trainee-retail,65
weedsport,65
alerte,66
citra,66
gluteos,66
iconic,66
keyarena,66
killarney,66
lorem,66
youngmann,66
cjd,67
usgs,67
weidler,67
aumentar,68
ionia,68
kingsway,68
lightroom,68
spvm,68
tofino,68
ubc,68
androscoggin,69
kisco,69
menomonee,69
schoharie,69
yelm,69
bemidji,70
capilano,70
dalhousie,70
deloitte's,70
ipsum,70
non-cdl,70
ripley's,70
xwy,70
birchmount,71
brewhouse,71
sea-tac,71
chinook,72
mccowan,72
cbcmb,73
matcha,73
altman,74
rsst,74
tems,74
canastota,75
hermon,76
isilon,76
kennebunk,76
interventional,77
merrell,77
north-northeast,77
snf,77
ssb,77
whbm,77
aroostook,78
rideau,78
incerely,79
adjoint,80
pt-maurices,80
bayada,81
clackamas,81
queensway,81
t-storms,81
treefort,81
west-northwest,81
sault,82
brewpub,83
brimley,83
cabane,83
sunriver,83
bayview,84
malty,85
north-northwest,85
penske,85
trump's,85
easyquit,86
speech-language,86
couillard,87
east-northeast,87
eft,87
parkdale,87
simcoe,87
celulitis,88
gtfs,88
halfmoon,88
pge,88
yvr,88
drafter,89
naito,89
bainbridge,90
poplars,91
bombardier,92
centurylink,93
on-ramp,93
mbi,94
poutine,94
ccu,95
ctv,95
pcu,98
saddledome,98
taproom,98
co-brand,99
holgate,99
nexteer,101
gastown,102
vsa,102
helens,103
comicon,105
magasin,105
monoxide,105
penbrooke,105
medexpress,107
sonographer,107
northway,108
cascadia,109
gardiner,109
ellesmere,110
rehabcare,111
neuro,113
directeur,115
nicu,115
chiropractic,116
on-call,116
mid-span,117
pacu,117
sign-on,117
precip,118
regrann,119
supervisor-mi,120
bookkeeper,121
marchandises,124
genesee,125
mwusca,125
chittenden,126
radiologic,126
alder,129
hillsong,130
accenture,131
fresenius,131
reinhart,131
sherbourne,132
almcom,134
radiology,136
ios,137
steeles,139
empres,141
pdx,142
tech-entry,142
hmshost,144
beltline,145
snoqualmie,146
usca,146
shuter,147
coordonnateur,149
keele,149
caregiver,150
agnesian,151
regram,152
cmv,154
eau,155
northbound,155
keybank,157
ales,160
scotiabank,161
goldcorp,162
syr,162
telemetry,167
windermere,177
ottnews,180
blackcomb,183
maurices,186
yeg,187
manulife,189
yyc,190
conservancy,192
t-storm,198
mwn,199
hospitalist,201
catharines,202
non-tstm,202
esthetician,207
cannabis,209
wnd,209
glisan,210
stylist-maurices,215
cintas,221
mesonet,221
saison,221
mindmaster,224
crt,225
oncology,228
taconic,228
orthopedics,231
trimet,233
machias,244
lgbtq,245
cres,250
calgary's,258
dufferin,262
eines,264
e-book,266
seattle-tacoma,279
truckload,284
bmo,294
multicare,302
milepost,309
tjx,326
disorderlies,333
nmls,333
weathernet,333
kts,382
cdl-a,383
brg,384
rideshare,397
surg,397
officeteam,398
engross,399
eglinton,400
idx,411
bloor,435
prohibida,446
seduccion,446
encuestas,486
computersucht,528
hilfe,528
highrise,554
tenens,563
aerotek,576
dundas,628
cocorahs,648
technologist,693
hpa,926
inner-city,933
veh,936
whistler,1681
vera's,5360
